{"cameraMode":{"drawMode":0,"name":"Shaded","section":"Shading Mode"},"sceneLighting":true,"audioPlay":false,"sceneViewState":{"m_AlwaysRefresh":false,"showFog":true,"showSkybox":true,"showFlares":true,"showImageEffects":true,"showParticleSystems":true,"showVisualEffectGraphs":true,"m_FxEnabled":true},"in2DMode":false,"pivot":{"x":408.87030029296877,"y":38.23949432373047,"z":420.5597839355469},"rotation":{"x":-0.24240761995315553,"y":-0.1282750964164734,"z":0.032015297561883929,"w":-0.9627751111984253},"size":21.080501556396486,"orthographic":false}